'Tabelle 2.'7-2':';;;;;;;;;;;;;Indikatoren 2.7/2.8;;;Metadaten;Metadaten
"Altersstruktur und Lastenquotienten in Berlin 1990 - 2010 (Stand: 31.12.)
nach Geschlecht und Bezirken";;;;;;;;;;;;;;;;;
;;;;;;;;;;;;;;;;;
;;;;;;;;;;;;;;;;;
;;;;;;;;;;;;;;;;;
"Bezirk /
Jahr";Bevölkerung insgesamt;;;;;;;Mädchen / Frauen ;;;;;Jugend-quotient1);Alten-quotient2);;;
;Alter in Jahren;;;;;;;;;;;;;;;;
;0-5;6-14;15-17;18-34;35-64;65-79;"80 u.
älter";0-17;18-34;35-64;65-79;"80 u.
älter";;;;;
;;;;;;;;;;;;;;;;;
;Anteil der Altersgruppe in %;;;;;;;Mädchen-/Frauenanteil in %;;;;;;;;;
;;;;;;;;;;;;;;;;;
Berlin;;;;;;;;;;;;;;;;;
;;;;;;;;;;;;;;;;;
1990;6,7 ;9,2 ;2,6 ;28,1 ;39,2 ;9,7 ;4,5 ;48,7 ;48,8 ;50,1 ;69,0 ;76,6 ;27,6 ;21,1    ;;;
1991;6,5 ;9,4 ;2,7 ;27,8 ;39,6 ;9,4 ;4,6 ;48,7 ;49,0 ;49,9 ;68,5 ;76,8 ;27,5 ;20,8    ;;;
1992;6,2 ;9,5 ;2,8 ;27,6 ;40,0 ;9,2 ;4,6 ;48,7 ;49,0 ;49,7 ;67,6 ;77,0 ;27,4 ;20,4    ;;;
1993;5,9 ;9,7 ;2,9 ;27,4 ;40,4 ;9,1 ;4,6 ;48,7 ;49,0 ;49,7 ;66,5 ;77,2 ;27,3 ;20,2    ;;;
1994;5,6 ;9,8 ;3,0 ;27,0 ;41,0 ;9,1 ;4,6 ;48,7 ;49,0 ;49,6 ;65,3 ;77,4 ;26,9 ;20,1    ;;;
1995;5,3 ;9,8 ;3,1 ;26,7 ;41,5 ;9,3 ;4,4 ;48,6 ;48,9 ;49,4 ;64,2 ;77,7 ;26,6 ;20,1    ;;;
1996;5,0 ;9,7 ;3,2 ;26,2 ;42,2 ;9,5 ;4,2 ;48,6 ;48,9 ;49,4 ;63,2 ;77,9 ;26,2 ;20,0    ;;;
1997;5,0 ;9,5 ;3,3 ;25,6 ;43,0 ;9,8 ;4,0 ;48,6 ;48,9 ;49,4 ;62,5 ;78,1 ;25,8 ;20,0    ;;;
1998;4,9 ;9,1 ;3,2 ;25,1 ;43,8 ;10,0 ;3,8 ;48,6 ;49,0 ;49,4 ;61,8 ;78,2 ;25,1 ;20,1    ;;;
1999;5,0 ;8,8 ;3,2 ;24,6 ;44,2 ;10,4 ;3,7 ;48,6 ;49,0 ;49,4 ;60,7 ;77,9 ;24,6 ;20,6    ;;;
2000;5,0 ;8,5 ;3,1 ;24,2 ;44,6 ;10,8 ;3,8 ;48,7 ;49,2 ;49,4 ;59,5 ;77,5 ;24,1 ;21,2    ;;;
2001;5,0 ;8,1 ;3,1 ;24,0 ;44,8 ;11,1 ;3,9 ;48,7 ;49,3 ;49,4 ;58,4 ;77,2 ;23,6 ;21,8    ;;;
2002;5,0 ;7,8 ;3,2 ;23,8 ;44,8 ;11,6 ;3,9 ;48,8 ;49,4 ;49,4 ;57,6 ;76,9 ;23,2 ;22,5    ;;;
2003;5,0 ;7,5 ;3,2 ;23,5 ;44,9 ;12,1 ;3,8 ;48,7 ;49,6 ;49,4 ;56,8 ;76,7 ;22,9 ;23,4    ;;;
2004;5,0 ;7,2 ;3,2 ;23,3 ;44,7 ;12,7 ;3,9 ;48,7 ;49,7 ;49,3 ;56,1 ;76,2 ;22,5 ;24,4    ;;;
2005;4,9 ;7,0 ;3,1 ;23,3 ;44,4 ;13,3 ;3,9 ;48,7 ;49,7 ;49,2 ;55,4 ;75,4 ;22,2 ;25,4    ;;;
2006;4,9 ;6,9 ;2,8 ;23,4 ;44,0 ;13,9 ;4,0 ;48,7 ;49,8 ;49,2 ;54,9 ;74,5 ;21,8 ;26,6    ;;;
2007;5,0 ;6,9 ;2,6 ;23,6 ;43,6 ;14,3 ;4,0 ;48,7 ;50,0 ;49,2 ;54,6 ;73,3 ;21,5 ;27,3    ;;;
2008;5,1 ;6,9 ;2,3 ;23,9 ;43,0 ;14,7 ;4,1 ;48,7 ;50,1 ;49,2 ;54,4 ;71,9 ;21,4 ;28,1    ;;;
2009;5,2 ;6,9 ;2,3 ;24,0 ;42,5 ;15,0 ;4,2 ;48,7 ;50,1 ;49,3 ;54,2 ;70,5 ;21,6 ;28,8    ;;;
2010;5,4 ;6,9 ;2,2 ;24,1 ;42,3 ;14,9 ;4,2 ;48,7 ;50,2 ;49,3 ;54,2 ;69,2 ;21,8 ;28,8    ;;;
;;;;;;;;;;;;;;;;;
Mitte (bis 2000: Mitte, Tiergarten, Wedding);;;;;;;;;;;;;;;;;
;;;;;;;;;;;;;;;;;
1990;7,0 ;8,5 ;2,6 ;32,9 ;36,4 ;8,5 ;4,2 ;48,6 ;47,2 ;48,0 ;69,5 ;78,1 ;26,1 ;18,4    ;;;
1991;7,0 ;8,7 ;2,6 ;32,6 ;36,8 ;8,3 ;4,1 ;48,6 ;47,7 ;47,9 ;68,7 ;78,3 ;26,4 ;17,9    ;;;
1992;6,9 ;8,9 ;2,6 ;32,4 ;37,1 ;8,0 ;4,1 ;48,6 ;48,0 ;47,7 ;67,8 ;78,6 ;26,6 ;17,5    ;;;
1993;6,6 ;9,1 ;2,7 ;31,9 ;37,6 ;8,0 ;4,1 ;48,7 ;48,1 ;47,7 ;66,7 ;78,8 ;26,5 ;17,3    ;;;
1994;6,3 ;9,3 ;2,7 ;31,4 ;38,2 ;8,0 ;4,1 ;48,6 ;48,3 ;47,6 ;65,3 ;78,9 ;26,3 ;17,4    ;;;
1995;6,0 ;9,3 ;2,9 ;30,8 ;38,9 ;8,2 ;3,9 ;48,4 ;48,2 ;47,4 ;64,4 ;78,7 ;26,1 ;17,3    ;;;
1996;5,9 ;9,3 ;3,0 ;30,2 ;39,6 ;8,4 ;3,6 ;48,3 ;48,0 ;47,3 ;63,6 ;78,9 ;26,0 ;17,3    ;;;
1997;5,8 ;9,0 ;3,1 ;29,5 ;40,5 ;8,7 ;3,5 ;48,1 ;48,0 ;47,1 ;63,1 ;78,8 ;25,5 ;17,3    ;;;
1998;5,7 ;8,7 ;3,0 ;29,1 ;41,2 ;8,9 ;3,3 ;48,1 ;47,7 ;46,9 ;62,5 ;79,1 ;24,8 ;17,4    ;;;
1999;5,7 ;8,4 ;2,9 ;28,8 ;41,7 ;9,2 ;3,3 ;48,1 ;47,6 ;46,8 ;61,1 ;79,1 ;24,2 ;17,6    ;;;
2000;5,7 ;8,1 ;2,8 ;28,6 ;42,1 ;9,3 ;3,3 ;48,3 ;47,9 ;46,6 ;59,7 ;78,8 ;23,6 ;17,9    ;;;
2001;5,8 ;7,9 ;2,8 ;28,6 ;42,2 ;9,5 ;3,3 ;48,4 ;47,9 ;46,6 ;58,4 ;78,5 ;23,2 ;18,1    ;;;
2002;5,8 ;7,6 ;2,8 ;28,7 ;42,2 ;9,7 ;3,3 ;48,4 ;48,2 ;46,5 ;57,4 ;78,3 ;22,9 ;18,2    ;;;
2003;5,8 ;7,4 ;2,9 ;28,4 ;42,2 ;10,1 ;3,2 ;48,4 ;48,4 ;46,4 ;56,7 ;77,7 ;22,8 ;18,7    ;;;
2004;5,8 ;7,3 ;2,8 ;28,3 ;42,3 ;10,4 ;3,1 ;48,5 ;48,5 ;46,2 ;55,6 ;77,0 ;22,5 ;19,2    ;;;
2005;5,8 ;7,0 ;2,8 ;28,4 ;42,2 ;10,8 ;3,1 ;48,6 ;48,5 ;45,8 ;55,0 ;76,1 ;22,1 ;19,6    ;;;
2006;5,8 ;7,0 ;2,6 ;28,6 ;42,0 ;11,0 ;3,1 ;48,7 ;48,5 ;45,6 ;53,9 ;75,0 ;21,7 ;19,9    ;;;
2007;5,8 ;6,9 ;2,5 ;28,9 ;41,7 ;11,1 ;3,1 ;48,8 ;48,6 ;45,5 ;53,3 ;73,7 ;21,6 ;20,0    ;;;
2008;6,0 ;6,9 ;2,3 ;29,3 ;41,3 ;11,2 ;3,0 ;48,9 ;48,8 ;45,5 ;52,8 ;72,3 ;21,5 ;20,1    ;;;
2009;6,0 ;6,9 ;2,2 ;30,0 ;40,9 ;11,1 ;3,0 ;48,8 ;48,9 ;45,5 ;52,3 ;70,7 ;21,3 ;19,9    ;;;
2010;6,1 ;7,0 ;2,1 ;30,3 ;40,5 ;10,8 ;3,0 ;48,8 ;49,0 ;45,6 ;52,3 ;69,1 ;21,6 ;19,6    ;;;
;;;;;;;;;;;;;;;;;
Friedrichshain-Kreuzberg;;;;;;;;;;;;;;;;;
;;;;;;;;;;;;;;;;;
1990;8,0 ;9,1 ;2,6 ;35,8 ;33,6 ;7,4 ;3,5 ;48,4 ;47,9 ;48,0 ;70,1 ;77,4 ;28,4 ;15,8    ;;;
1991;7,7 ;9,3 ;2,6 ;35,4 ;34,2 ;7,2 ;3,5 ;48,4 ;47,9 ;47,8 ;69,5 ;77,7 ;28,3 ;15,3    ;;;
1992;7,4 ;9,5 ;2,6 ;35,2 ;34,8 ;6,9 ;3,5 ;48,6 ;47,9 ;47,4 ;68,3 ;77,9 ;27,9 ;14,9    ;;;
1993;7,0 ;9,8 ;2,7 ;34,9 ;35,4 ;6,8 ;3,4 ;48,5 ;48,1 ;47,2 ;66,8 ;78,3 ;27,7 ;14,5    ;;;
1994;6,7 ;9,9 ;2,7 ;34,4 ;36,1 ;6,8 ;3,3 ;48,5 ;48,1 ;47,0 ;65,5 ;78,5 ;27,5 ;14,3    ;;;
1995;6,3 ;9,9 ;2,9 ;33,9 ;37,0 ;6,8 ;3,2 ;48,4 ;48,0 ;46,7 ;64,3 ;79,0 ;27,0 ;14,1    ;;;
1996;6,1 ;9,9 ;3,0 ;33,3 ;37,9 ;7,0 ;2,9 ;48,6 ;47,9 ;46,6 ;63,5 ;79,1 ;26,6 ;13,9    ;;;
1997;6,0 ;9,6 ;3,1 ;32,7 ;38,8 ;7,1 ;2,7 ;48,4 ;47,8 ;46,5 ;62,6 ;79,2 ;26,1 ;13,8    ;;;
1998;6,0 ;9,2 ;3,0 ;32,5 ;39,6 ;7,2 ;2,6 ;48,4 ;47,9 ;46,4 ;62,0 ;79,4 ;25,1 ;13,6    ;;;
1999;6,0 ;8,8 ;2,9 ;32,4 ;40,1 ;7,4 ;2,4 ;48,6 ;48,1 ;46,3 ;61,3 ;78,9 ;24,4 ;13,5    ;;;
2000;6,0 ;8,4 ;2,8 ;32,6 ;40,3 ;7,4 ;2,5 ;48,6 ;48,4 ;46,1 ;60,1 ;79,2 ;23,6 ;13,6    ;;;
2001;5,9 ;8,0 ;2,8 ;33,0 ;40,4 ;7,4 ;2,5 ;48,7 ;48,8 ;46,2 ;58,9 ;79,0 ;22,8 ;13,5    ;;;
2002;5,9 ;7,7 ;2,8 ;33,4 ;40,4 ;7,5 ;2,4 ;48,6 ;49,1 ;46,0 ;57,8 ;78,8 ;22,1 ;13,4    ;;;
2003;5,8 ;7,4 ;2,8 ;33,6 ;40,5 ;7,6 ;2,3 ;48,4 ;49,4 ;46,0 ;56,8 ;78,4 ;21,6 ;13,3    ;;;
2004;5,8 ;7,1 ;2,8 ;33,8 ;40,5 ;7,7 ;2,2 ;48,4 ;49,5 ;45,9 ;55,8 ;78,2 ;21,1 ;13,4    ;;;
2005;5,7 ;6,9 ;2,6 ;34,3 ;40,4 ;7,9 ;2,2 ;48,7 ;49,7 ;45,7 ;55,2 ;76,5 ;20,4 ;13,5    ;;;
2006;5,7 ;6,8 ;2,4 ;34,9 ;40,1 ;8,0 ;2,2 ;48,8 ;49,9 ;45,6 ;54,4 ;75,9 ;19,8 ;13,5    ;;;
2007;5,7 ;6,6 ;2,2 ;35,3 ;39,9 ;8,1 ;2,1 ;48,8 ;50,2 ;45,4 ;53,9 ;74,6 ;19,4 ;13,6    ;;;
2008;5,8 ;6,5 ;2,0 ;35,8 ;39,7 ;8,1 ;2,1 ;48,7 ;50,3 ;45,4 ;53,6 ;72,9 ;19,0 ;13,5    ;;;
2009;5,9 ;6,5 ;2,0 ;35,9 ;39,5 ;8,0 ;2,1 ;48,5 ;50,5 ;45,5 ;53,8 ;71,6 ;19,1 ;13,4    ;;;
2010;6,0 ;6,5 ;1,9 ;35,9 ;39,7 ;7,8 ;2,1 ;48,6 ;50,7 ;45,6 ;53,5 ;69,9 ;19,1 ;13,2    ;;;
;;;;;;;;;;;;;;;;;
Pankow (bis 2000: Prenzlauer Berg, Weißensee, Pankow);;;;;;;;;;;;;;;;;
;;;;;;;;;;;;;;;;;
1990;6,7 ;9,5 ;2,5 ;27,9 ;39,0 ;10,0 ;4,3 ;48,9 ;49,1 ;52,2 ;68,9 ;75,3 ;27,9 ;21,5    ;;;
1991;6,2 ;9,5 ;2,6 ;28,6 ;39,1 ;9,7 ;4,3 ;48,9 ;48,4 ;51,8 ;68,6 ;75,5 ;27,0 ;20,8    ;;;
1992;5,7 ;9,5 ;2,8 ;29,2 ;39,1 ;9,5 ;4,3 ;48,9 ;47,9 ;51,2 ;67,9 ;75,6 ;26,2 ;20,2    ;;;
1993;5,1 ;9,6 ;2,9 ;29,9 ;38,9 ;9,3 ;4,3 ;48,7 ;47,4 ;50,9 ;66,6 ;76,2 ;25,6 ;19,8    ;;;
1994;4,6 ;9,6 ;3,0 ;30,3 ;39,0 ;9,3 ;4,2 ;48,8 ;47,3 ;50,4 ;65,5 ;76,5 ;24,9 ;19,4    ;;;
1995;4,3 ;9,5 ;3,1 ;30,6 ;39,1 ;9,4 ;4,0 ;48,9 ;47,3 ;49,9 ;64,2 ;77,2 ;24,1 ;19,3    ;;;
1996;3,9 ;9,4 ;3,1 ;30,8 ;39,4 ;9,5 ;3,8 ;48,8 ;47,4 ;49,4 ;63,1 ;77,7 ;23,5 ;19,0    ;;;
1997;4,1 ;9,0 ;3,2 ;30,9 ;39,7 ;9,6 ;3,5 ;48,8 ;47,5 ;49,1 ;62,3 ;78,0 ;23,1 ;18,6    ;;;
1998;4,2 ;8,6 ;3,1 ;31,0 ;40,1 ;9,6 ;3,3 ;48,7 ;48,0 ;48,8 ;61,7 ;78,1 ;22,4 ;18,2    ;;;
1999;4,5 ;8,0 ;3,0 ;31,0 ;40,3 ;9,9 ;3,2 ;48,8 ;48,4 ;48,5 ;60,6 ;78,1 ;21,8 ;18,3    ;;;
2000;4,6 ;7,6 ;3,0 ;30,9 ;40,5 ;10,1 ;3,3 ;48,9 ;49,1 ;48,3 ;59,5 ;77,8 ;21,3 ;18,8    ;;;
2001;4,8 ;7,1 ;3,0 ;30,7 ;40,8 ;10,4 ;3,2 ;48,9 ;49,5 ;47,9 ;58,7 ;77,7 ;20,8 ;19,1    ;;;
2002;5,0 ;6,5 ;3,0 ;30,4 ;41,1 ;10,7 ;3,3 ;48,8 ;50,1 ;47,7 ;58,3 ;77,8 ;20,3 ;19,5    ;;;
2003;5,1 ;6,1 ;3,0 ;29,9 ;41,6 ;11,1 ;3,2 ;48,8 ;50,4 ;47,5 ;57,6 ;77,7 ;19,9 ;20,0    ;;;
2004;5,2 ;5,8 ;3,0 ;29,3 ;42,0 ;11,5 ;3,2 ;48,8 ;50,5 ;47,2 ;57,0 ;77,5 ;19,7 ;20,6    ;;;
2005;5,4 ;5,6 ;2,8 ;28,8 ;42,3 ;11,9 ;3,2 ;48,5 ;50,7 ;47,1 ;56,7 ;76,6 ;19,3 ;21,3    ;;;
2006;5,5 ;5,7 ;2,4 ;28,3 ;42,5 ;12,2 ;3,3 ;48,5 ;51,2 ;46,9 ;56,5 ;75,9 ;19,3 ;21,9    ;;;
2007;5,7 ;5,9 ;2,0 ;28,2 ;42,6 ;12,3 ;3,3 ;48,4 ;51,5 ;47,0 ;56,2 ;74,6 ;19,2 ;22,1    ;;;
2008;6,0 ;6,1 ;1,6 ;27,9 ;42,6 ;12,4 ;3,4 ;48,4 ;51,8 ;47,0 ;56,2 ;73,1 ;19,4 ;22,4    ;;;
2009;6,3 ;6,3 ;1,6 ;27,0 ;42,6 ;12,6 ;3,5 ;48,5 ;51,9 ;47,3 ;56,2 ;71,6 ;20,4 ;23,1    ;;;
2010;6,4 ;6,5 ;1,6 ;26,6 ;43,0 ;12,2 ;3,6 ;48,6 ;52,0 ;47,3 ;56,2 ;70,0 ;20,9 ;22,8    ;;;
;;;;;;;;;;;;;;;;;
Charlottenburg-Wilmersdorf;;;;;;;;;;;;;;;;;
;;;;;;;;;;;;;;;;;
1990;4,8 ;6,2 ;2,1 ;26,7 ;41,8 ;12,2 ;6,2 ;48,7 ;49,0 ;50,0 ;70,6 ;78,3 ;19,0 ;26,8    ;;;
1991;4,9 ;6,3 ;2,1 ;26,2 ;42,3 ;11,9 ;6,3 ;48,7 ;49,7 ;50,1 ;70,1 ;78,2 ;19,4 ;26,4    ;;;
1992;4,9 ;6,4 ;2,1 ;25,8 ;42,9 ;11,5 ;6,4 ;48,8 ;50,0 ;50,0 ;69,2 ;78,1 ;19,5 ;25,9    ;;;
1993;4,9 ;6,5 ;2,1 ;25,5 ;43,4 ;11,2 ;6,4 ;48,7 ;50,2 ;50,1 ;68,2 ;78,3 ;19,6 ;25,5    ;;;
1994;4,8 ;6,6 ;2,1 ;24,9 ;44,2 ;11,1 ;6,3 ;48,7 ;50,4 ;50,3 ;67,2 ;78,2 ;19,6 ;25,1    ;;;
1995;4,7 ;6,6 ;2,2 ;24,6 ;44,8 ;11,0 ;6,2 ;48,7 ;50,4 ;50,3 ;66,3 ;78,6 ;19,4 ;24,8    ;;;
1996;4,6 ;6,6 ;2,3 ;24,1 ;45,5 ;11,1 ;5,9 ;48,5 ;50,7 ;50,3 ;65,3 ;78,9 ;19,3 ;24,4    ;;;
1997;4,5 ;6,5 ;2,3 ;23,5 ;46,3 ;11,2 ;5,6 ;48,8 ;50,9 ;50,4 ;64,5 ;79,1 ;19,2 ;24,2    ;;;
1998;4,6 ;6,4 ;2,2 ;23,1 ;47,2 ;11,3 ;5,3 ;48,8 ;51,1 ;50,4 ;63,7 ;78,9 ;18,7 ;23,6    ;;;
1999;4,5 ;6,4 ;2,1 ;22,5 ;47,9 ;11,5 ;5,2 ;48,8 ;51,2 ;50,5 ;62,5 ;78,5 ;18,5 ;23,7    ;;;
2000;4,5 ;6,3 ;2,1 ;21,8 ;48,4 ;11,6 ;5,3 ;49,0 ;51,3 ;50,7 ;61,3 ;78,0 ;18,3 ;24,0    ;;;
2001;4,4 ;6,3 ;2,1 ;21,4 ;48,7 ;11,8 ;5,3 ;49,1 ;51,5 ;50,8 ;59,8 ;77,6 ;18,2 ;24,4    ;;;
2002;4,4 ;6,3 ;2,1 ;20,9 ;48,8 ;12,2 ;5,3 ;49,2 ;51,8 ;50,9 ;58,6 ;77,9 ;18,3 ;25,1    ;;;
2003;4,3 ;6,3 ;2,2 ;20,4 ;48,9 ;12,7 ;5,2 ;49,1 ;51,8 ;51,0 ;57,5 ;77,6 ;18,4 ;25,9    ;;;
2004;4,2 ;6,3 ;2,2 ;19,9 ;48,9 ;13,3 ;5,2 ;49,0 ;51,8 ;51,0 ;56,5 ;77,1 ;18,4 ;27,0    ;;;
2005;4,2 ;6,2 ;2,2 ;19,7 ;48,4 ;14,0 ;5,2 ;49,0 ;51,8 ;51,1 ;55,6 ;76,2 ;18,5 ;28,3    ;;;
2006;4,2 ;6,2 ;2,1 ;19,6 ;47,9 ;14,8 ;5,3 ;49,0 ;51,9 ;51,1 ;54,9 ;75,0 ;18,5 ;29,7    ;;;
2007;4,2 ;6,1 ;2,1 ;19,6 ;47,4 ;15,3 ;5,3 ;49,1 ;51,9 ;51,2 ;54,5 ;73,8 ;18,6 ;30,8    ;;;
2008;4,2 ;6,1 ;2,0 ;19,7 ;46,6 ;15,9 ;5,3 ;49,1 ;51,8 ;51,3 ;54,2 ;72,4 ;18,6 ;32,1    ;;;
2009;4,2 ;6,1 ;2,0 ;19,9 ;45,9 ;16,6 ;5,3 ;48,9 ;51,8 ;51,5 ;53,8 ;71,4 ;18,7 ;33,2    ;;;
2010;4,3 ;6,1 ;2,0 ;20,0 ;45,5 ;16,8 ;5,3 ;48,9 ;52,0 ;51,6 ;53,8 ;70,3 ;18,9 ;33,7    ;;;
;;;;;;;;;;;;;;;;;
Spandau;;;;;;;;;;;;;;;;;
;;;;;;;;;;;;;;;;;
1990;5,7 ;8,2 ;2,5 ;25,9 ;40,9 ;11,6 ;5,1 ;48,8 ;46,9 ;49,8 ;68,3 ;74,6 ;24,6 ;24,9    ;;;
1991;5,8 ;8,4 ;2,6 ;25,7 ;41,2 ;11,2 ;5,2 ;48,8 ;47,5 ;49,7 ;67,7 ;75,1 ;25,0 ;24,6    ;;;
1992;5,8 ;8,6 ;2,6 ;25,3 ;41,4 ;11,0 ;5,3 ;48,6 ;47,9 ;49,6 ;66,8 ;75,3 ;25,5 ;24,4    ;;;
1993;5,8 ;8,7 ;2,6 ;24,8 ;41,8 ;10,9 ;5,4 ;48,6 ;48,6 ;49,6 ;65,5 ;75,7 ;25,7 ;24,4    ;;;
1994;5,6 ;8,9 ;2,7 ;24,4 ;42,2 ;10,9 ;5,3 ;48,6 ;48,9 ;49,5 ;64,6 ;76,1 ;25,9 ;24,3    ;;;
1995;5,6 ;9,0 ;2,9 ;24,0 ;42,5 ;11,0 ;5,1 ;48,4 ;48,9 ;49,5 ;63,4 ;76,9 ;26,2 ;24,2    ;;;
1996;5,5 ;9,1 ;3,0 ;23,4 ;42,9 ;11,1 ;4,9 ;48,3 ;48,8 ;49,5 ;62,7 ;76,7 ;26,6 ;24,1    ;;;
1997;5,5 ;9,2 ;3,1 ;22,7 ;43,6 ;11,3 ;4,6 ;48,3 ;49,3 ;49,5 ;61,9 ;76,9 ;26,8 ;24,0    ;;;
1998;5,3 ;9,2 ;3,1 ;22,1 ;44,5 ;11,6 ;4,4 ;48,3 ;49,4 ;49,5 ;61,4 ;77,0 ;26,4 ;23,9    ;;;
1999;5,3 ;9,1 ;3,1 ;21,3 ;44,9 ;12,0 ;4,4 ;48,4 ;49,6 ;49,6 ;60,2 ;76,9 ;26,3 ;24,7    ;;;
2000;5,3 ;9,0 ;3,1 ;20,8 ;45,1 ;12,4 ;4,5 ;48,6 ;49,6 ;49,7 ;59,0 ;77,0 ;26,4 ;25,5    ;;;
2001;5,2 ;8,9 ;3,1 ;20,3 ;45,2 ;12,7 ;4,5 ;48,6 ;49,9 ;49,8 ;57,9 ;76,8 ;26,4 ;26,4    ;;;
2002;5,1 ;8,8 ;3,2 ;19,9 ;45,3 ;13,2 ;4,6 ;48,6 ;50,1 ;49,9 ;57,1 ;76,4 ;26,2 ;27,2    ;;;
2003;5,0 ;8,7 ;3,2 ;19,5 ;45,2 ;13,9 ;4,5 ;48,4 ;50,2 ;50,0 ;56,2 ;76,1 ;26,1 ;28,4    ;;;
2004;4,9 ;8,5 ;3,3 ;19,1 ;45,1 ;14,6 ;4,6 ;48,3 ;50,4 ;49,9 ;55,7 ;75,2 ;25,9 ;29,8    ;;;
2005;4,8 ;8,3 ;3,3 ;19,0 ;44,7 ;15,3 ;4,7 ;48,1 ;50,3 ;49,8 ;55,1 ;74,5 ;25,7 ;31,4    ;;;
2006;4,7 ;8,2 ;3,2 ;18,9 ;44,1 ;16,2 ;4,8 ;48,1 ;50,2 ;49,9 ;54,7 ;73,5 ;25,5 ;33,3    ;;;
2007;4,7 ;8,1 ;3,2 ;19,0 ;43,5 ;16,6 ;4,9 ;48,1 ;50,1 ;50,1 ;54,5 ;72,0 ;25,5 ;34,4    ;;;
2008;4,8 ;8,0 ;2,9 ;19,2 ;42,9 ;17,1 ;4,9 ;48,0 ;50,1 ;50,1 ;54,4 ;70,6 ;25,3 ;35,5    ;;;
2009;4,9 ;7,9 ;2,9 ;19,4 ;42,4 ;17,5 ;5,0 ;48,0 ;50,0 ;50,2 ;54,2 ;69,3 ;25,5 ;36,4    ;;;
2010;5,0 ;7,8 ;2,8 ;19,8 ;42,1 ;17,4 ;5,1 ;48,1 ;49,6 ;50,3 ;54,0 ;67,7 ;25,4 ;36,2    ;;;
;;;;;;;;;;;;;;;;;
Steglitz-Zehlendorf;;;;;;;;;;;;;;;;;
;;;;;;;;;;;;;;;;;
1990;5,1 ;7,6 ;2,5 ;23,6 ;42,1 ;12,6 ;6,6 ;48,3 ;49,2 ;51,6 ;68,7 ;78,3 ;23,2 ;29,1    ;;;
1991;5,2 ;7,7 ;2,5 ;23,3 ;42,2 ;12,4 ;6,6 ;48,4 ;50,0 ;51,6 ;68,2 ;78,4 ;23,6 ;29,0    ;;;
1992;5,3 ;7,8 ;2,5 ;23,1 ;42,4 ;12,1 ;6,7 ;48,5 ;50,5 ;51,6 ;67,3 ;78,2 ;23,9 ;28,7    ;;;
1993;5,4 ;7,9 ;2,6 ;23,1 ;42,5 ;11,9 ;6,6 ;48,5 ;50,8 ;51,7 ;66,4 ;78,3 ;24,2 ;28,3    ;;;
1994;5,3 ;8,0 ;2,6 ;22,9 ;42,8 ;11,8 ;6,6 ;48,5 ;50,9 ;51,7 ;65,2 ;78,4 ;24,2 ;28,0    ;;;
1995;5,2 ;8,0 ;2,7 ;22,7 ;43,3 ;11,8 ;6,3 ;48,6 ;51,1 ;51,7 ;64,5 ;78,4 ;24,1 ;27,5    ;;;
1996;5,1 ;8,1 ;2,8 ;22,4 ;43,8 ;11,8 ;6,0 ;48,7 ;51,1 ;51,8 ;63,5 ;78,7 ;24,2 ;27,0    ;;;
1997;5,0 ;8,1 ;2,9 ;21,8 ;44,5 ;12,0 ;5,8 ;48,7 ;51,3 ;52,1 ;62,9 ;78,9 ;24,1 ;26,8    ;;;
1998;5,0 ;8,1 ;2,8 ;21,2 ;45,4 ;12,1 ;5,5 ;48,7 ;51,6 ;52,2 ;62,1 ;78,9 ;23,9 ;26,4    ;;;
1999;5,0 ;8,1 ;2,8 ;20,5 ;45,9 ;12,4 ;5,4 ;48,8 ;51,6 ;52,5 ;60,9 ;78,9 ;23,8 ;26,8    ;;;
2000;4,9 ;8,1 ;2,7 ;19,8 ;46,3 ;12,7 ;5,5 ;48,9 ;51,9 ;52,6 ;59,7 ;78,4 ;23,8 ;27,5    ;;;
2001;4,9 ;8,1 ;2,7 ;19,1 ;46,6 ;13,1 ;5,5 ;48,8 ;51,8 ;52,8 ;58,7 ;77,5 ;23,9 ;28,4    ;;;
2002;4,9 ;8,1 ;2,7 ;18,5 ;46,7 ;13,6 ;5,5 ;48,9 ;51,9 ;52,9 ;57,9 ;77,0 ;24,2 ;29,3    ;;;
2003;4,8 ;8,0 ;2,8 ;19,6 ;45,1 ;14,2 ;5,4 ;48,8 ;52,0 ;53,0 ;56,9 ;76,5 ;24,2 ;30,3    ;;;
2004;4,7 ;8,0 ;2,9 ;17,6 ;46,5 ;14,9 ;5,4 ;48,7 ;51,8 ;53,1 ;56,2 ;76,0 ;24,4 ;31,7    ;;;
2005;4,7 ;7,9 ;2,9 ;17,4 ;46,0 ;15,7 ;5,5 ;48,6 ;51,9 ;53,3 ;55,6 ;75,1 ;24,4 ;33,4    ;;;
2006;4,6 ;7,8 ;2,8 ;17,2 ;45,4 ;16,6 ;5,6 ;48,7 ;52,1 ;53,3 ;55,1 ;74,2 ;24,4 ;35,4    ;;;
2007;4,6 ;7,8 ;2,8 ;17,2 ;44,8 ;17,2 ;5,6 ;48,7 ;52,1 ;53,4 ;54,9 ;73,2 ;24,4 ;36,8    ;;;
2008;4,7 ;7,7 ;2,7 ;17,4 ;44,0 ;17,9 ;5,7 ;48,7 ;51,9 ;53,5 ;54,7 ;71,9 ;24,5 ;38,5    ;;;
2009;4,7 ;7,6 ;2,7 ;17,5 ;43,3 ;18,4 ;5,8 ;48,6 ;51,7 ;53,5 ;54,6 ;70,7 ;24,6 ;39,7    ;;;
2010;4,8 ;7,7 ;2,6 ;17,6 ;43,1 ;18,5 ;5,8 ;48,5 ;51,5 ;53,6 ;54,4 ;69,7 ;24,8 ;40,1    ;;;
;;;;;;;;;;;;;;;;;
Tempelhof-Schöneberg;;;;;;;;;;;;;;;;;
;;;;;;;;;;;;;;;;;
1990;5,6 ;7,5 ;2,5 ;27,5 ;40,4 ;11,0 ;5,5 ;48,4 ;48,7 ;49,8 ;70,1 ;77,8 ;23,0 ;24,2    ;;;
1991;5,7 ;7,6 ;2,5 ;27,1 ;40,9 ;10,7 ;5,5 ;48,3 ;49,2 ;49,8 ;69,5 ;77,8 ;23,3 ;23,8    ;;;
1992;5,7 ;7,8 ;2,5 ;26,7 ;41,3 ;10,3 ;5,6 ;48,2 ;49,5 ;49,8 ;68,9 ;77,9 ;23,6 ;23,5    ;;;
1993;5,7 ;7,9 ;2,5 ;26,3 ;41,8 ;10,1 ;5,6 ;48,4 ;49,6 ;49,7 ;68,1 ;77,8 ;23,7 ;23,1    ;;;
1994;5,7 ;8,0 ;2,5 ;25,9 ;42,4 ;10,0 ;5,6 ;48,4 ;49,7 ;49,7 ;67,1 ;78,1 ;23,6 ;22,8    ;;;
1995;5,5 ;8,0 ;2,6 ;25,4 ;42,9 ;10,0 ;5,5 ;48,4 ;50,1 ;49,7 ;65,9 ;78,0 ;23,6 ;22,6    ;;;
1996;5,5 ;8,0 ;2,8 ;24,9 ;43,6 ;10,0 ;5,2 ;48,2 ;50,1 ;49,9 ;64,9 ;78,2 ;23,6 ;22,2    ;;;
1997;5,4 ;8,0 ;2,8 ;24,2 ;44,6 ;10,2 ;4,9 ;48,2 ;50,1 ;50,0 ;64,2 ;78,3 ;23,6 ;21,9    ;;;
1998;5,3 ;7,9 ;2,7 ;23,6 ;45,5 ;10,3 ;4,6 ;48,4 ;50,3 ;50,1 ;63,4 ;78,1 ;23,1 ;21,7    ;;;
1999;5,2 ;7,9 ;2,6 ;22,9 ;46,2 ;10,6 ;4,5 ;48,5 ;50,3 ;50,1 ;62,4 ;77,7 ;22,8 ;21,8    ;;;
2000;5,2 ;7,8 ;2,6 ;22,5 ;46,5 ;10,8 ;4,6 ;48,4 ;50,6 ;50,1 ;61,1 ;77,4 ;22,7 ;22,3    ;;;
2001;5,2 ;7,7 ;2,6 ;21,9 ;46,8 ;11,1 ;4,7 ;48,3 ;50,6 ;50,2 ;59,8 ;76,9 ;22,5 ;22,9    ;;;
2002;5,1 ;7,6 ;2,6 ;21,4 ;47,1 ;11,5 ;4,7 ;48,5 ;50,5 ;50,3 ;58,6 ;76,6 ;22,4 ;23,6    ;;;
2003;5,0 ;7,6 ;2,7 ;24,5 ;43,7 ;12,1 ;4,6 ;48,5 ;50,4 ;50,3 ;57,4 ;76,4 ;22,3 ;24,4    ;;;
2004;4,9 ;7,5 ;2,7 ;20,4 ;47,3 ;12,7 ;4,6 ;48,5 ;50,8 ;50,3 ;56,5 ;76,4 ;22,3 ;25,5    ;;;
2005;4,8 ;7,4 ;2,7 ;20,0 ;47,1 ;13,4 ;4,6 ;48,4 ;51,0 ;50,3 ;55,6 ;75,8 ;22,2 ;26,8    ;;;
2006;4,7 ;7,3 ;2,6 ;19,9 ;46,8 ;14,0 ;4,7 ;48,4 ;50,9 ;50,3 ;54,6 ;74,8 ;22,0 ;28,1    ;;;
2007;4,7 ;7,2 ;2,6 ;19,9 ;46,3 ;14,6 ;4,7 ;48,4 ;51,1 ;50,3 ;53,9 ;74,1 ;21,9 ;29,1    ;;;
2008;4,7 ;7,2 ;2,5 ;20,1 ;45,7 ;15,1 ;4,7 ;48,3 ;51,2 ;50,4 ;53,8 ;72,9 ;21,9 ;30,1    ;;;
2009;4,8 ;7,1 ;2,5 ;20,4 ;45,0 ;15,5 ;4,7 ;48,4 ;51,4 ;50,3 ;53,5 ;71,9 ;21,9 ;31,0    ;;;
2010;4,8 ;7,1 ;2,4 ;20,6 ;44,7 ;15,6 ;4,8 ;48,5 ;51,0 ;50,3 ;53,4 ;70,6 ;21,9 ;31,3    ;;;
;;;;;;;;;;;;;;;;;
Neukölln;;;;;;;;;;;;;;;;;
;;;;;;;;;;;;;;;;;
1990;6,2 ;8,1 ;2,6 ;29,1 ;38,8 ;10,2 ;4,9 ;48,6 ;47,8 ;48,8 ;69,2 ;75,6 ;25,0 ;22,3    ;;;
1991;6,4 ;8,3 ;2,7 ;28,8 ;39,0 ;9,8 ;4,9 ;48,5 ;48,3 ;48,7 ;68,8 ;75,5 ;25,6 ;21,8    ;;;
1992;6,5 ;8,5 ;2,7 ;28,7 ;39,3 ;9,5 ;4,9 ;48,5 ;48,6 ;48,7 ;67,9 ;76,2 ;26,0 ;21,2    ;;;
1993;6,6 ;8,6 ;2,7 ;28,5 ;39,5 ;9,2 ;4,9 ;48,6 ;48,8 ;48,7 ;67,1 ;76,4 ;26,3 ;20,7    ;;;
1994;6,5 ;8,8 ;2,7 ;28,1 ;40,0 ;9,1 ;4,8 ;48,5 ;48,9 ;48,7 ;66,1 ;76,5 ;26,4 ;20,4    ;;;
1995;6,4 ;9,0 ;2,8 ;27,5 ;40,5 ;9,1 ;4,6 ;48,6 ;49,1 ;48,7 ;65,1 ;76,7 ;26,8 ;20,2    ;;;
1996;6,3 ;9,1 ;2,9 ;26,8 ;41,3 ;9,3 ;4,3 ;48,6 ;49,2 ;48,6 ;64,2 ;76,7 ;26,9 ;20,0    ;;;
1997;6,3 ;9,1 ;3,0 ;26,0 ;42,1 ;9,5 ;4,1 ;48,4 ;49,3 ;48,7 ;63,7 ;76,8 ;27,0 ;19,9    ;;;
1998;6,2 ;9,2 ;3,0 ;25,1 ;43,0 ;9,7 ;3,8 ;48,4 ;49,3 ;48,6 ;62,8 ;77,1 ;27,0 ;19,9    ;;;
1999;6,2 ;9,2 ;3,0 ;24,4 ;43,4 ;10,0 ;3,8 ;48,6 ;49,4 ;48,7 ;61,3 ;77,2 ;27,1 ;20,3    ;;;
2000;6,2 ;9,2 ;3,0 ;23,8 ;43,8 ;10,3 ;3,8 ;48,6 ;49,2 ;48,7 ;60,0 ;76,6 ;27,1 ;20,8    ;;;
2001;6,0 ;9,2 ;3,0 ;23,4 ;44,0 ;10,6 ;3,8 ;48,7 ;49,1 ;48,6 ;58,7 ;76,5 ;27,0 ;21,4    ;;;
2002;6,0 ;9,1 ;3,0 ;23,2 ;44,0 ;11,0 ;3,7 ;48,9 ;49,1 ;48,7 ;57,6 ;76,0 ;26,9 ;21,9    ;;;
2003;5,9 ;9,0 ;3,1 ;28,2 ;38,6 ;11,6 ;3,6 ;48,9 ;48,8 ;48,8 ;56,5 ;75,8 ;26,9 ;22,7    ;;;
2004;5,7 ;8,8 ;3,2 ;22,9 ;43,6 ;12,2 ;3,6 ;49,0 ;49,0 ;48,7 ;55,7 ;75,4 ;26,6 ;23,7    ;;;
2005;5,7 ;8,6 ;3,2 ;22,9 ;43,2 ;12,7 ;3,6 ;48,9 ;49,2 ;48,4 ;55,0 ;74,9 ;26,4 ;24,7    ;;;
2006;5,5 ;8,5 ;3,1 ;22,9 ;42,8 ;13,4 ;3,7 ;49,0 ;49,0 ;48,4 ;54,1 ;74,5 ;26,1 ;26,0    ;;;
2007;5,5 ;8,3 ;3,0 ;23,4 ;42,4 ;13,7 ;3,7 ;49,0 ;49,2 ;48,3 ;53,8 ;73,5 ;25,5 ;26,5    ;;;
2008;5,5 ;8,1 ;2,9 ;24,1 ;41,7 ;14,0 ;3,7 ;48,8 ;49,4 ;48,2 ;53,4 ;72,7 ;25,0 ;27,0    ;;;
2009;5,5 ;7,9 ;2,8 ;25,0 ;40,9 ;14,2 ;3,7 ;48,9 ;49,7 ;48,2 ;53,1 ;71,6 ;24,7 ;27,1    ;;;
2010;5,7 ;7,9 ;2,8 ;25,8 ;40,1 ;14,1 ;3,6 ;48,9 ;50,2 ;48,5 ;53,0 ;70,7 ;24,8 ;26,8    ;;;
;;;;;;;;;;;;;;;;;
Treptow-Köpenick;;;;;;;;;;;;;;;;;
;;;;;;;;;;;;;;;;;
1990;6,2 ;8,9 ;2,6 ;23,3 ;43,9 ;10,9 ;4,3 ;48,6 ;48,6 ;52,8 ;66,5 ;72,6 ;26,2 ;22,6    ;;;
1991;6,0 ;9,0 ;2,6 ;23,5 ;43,7 ;10,8 ;4,4 ;48,4 ;48,3 ;52,4 ;65,8 ;73,3 ;26,2 ;22,7    ;;;
1992;5,5 ;9,2 ;2,7 ;23,7 ;43,5 ;10,8 ;4,5 ;48,2 ;47,6 ;52,1 ;64,8 ;73,7 ;25,9 ;22,7    ;;;
1993;5,0 ;9,5 ;2,9 ;23,9 ;43,3 ;10,9 ;4,6 ;48,3 ;47,2 ;51,7 ;63,7 ;74,1 ;25,8 ;23,0    ;;;
1994;4,4 ;9,6 ;3,0 ;23,8 ;43,5 ;11,2 ;4,6 ;48,2 ;46,8 ;51,3 ;62,3 ;74,6 ;25,3 ;23,4    ;;;
1995;4,0 ;9,8 ;3,1 ;23,6 ;43,5 ;11,7 ;4,4 ;48,3 ;46,9 ;51,0 ;60,8 ;75,2 ;25,0 ;24,0    ;;;
1996;3,6 ;9,9 ;3,2 ;23,5 ;43,6 ;12,1 ;4,2 ;48,4 ;46,9 ;50,7 ;59,7 ;75,9 ;24,8 ;24,3    ;;;
1997;3,6 ;9,7 ;3,2 ;23,2 ;43,9 ;12,5 ;3,9 ;48,6 ;47,2 ;50,4 ;58,9 ;76,0 ;24,6 ;24,4    ;;;
1998;3,8 ;9,3 ;3,3 ;22,7 ;44,4 ;13,0 ;3,6 ;48,5 ;47,3 ;50,4 ;58,1 ;76,5 ;24,4 ;24,7    ;;;
1999;4,0 ;8,8 ;3,3 ;22,1 ;44,4 ;13,7 ;3,6 ;48,6 ;47,8 ;50,2 ;57,5 ;75,8 ;24,3 ;26,1    ;;;
2000;4,2 ;8,3 ;3,3 ;21,6 ;44,4 ;14,5 ;3,8 ;48,5 ;47,8 ;50,1 ;56,8 ;75,1 ;23,9 ;27,7    ;;;
2001;4,3 ;7,7 ;3,3 ;21,3 ;44,2 ;15,2 ;3,9 ;48,5 ;47,8 ;49,9 ;56,2 ;75,0 ;23,5 ;29,1    ;;;
2002;4,3 ;7,3 ;3,5 ;20,9 ;44,0 ;16,1 ;4,0 ;48,3 ;48,2 ;49,9 ;55,8 ;74,5 ;23,2 ;30,8    ;;;
2003;4,4 ;6,7 ;3,5 ;27,9 ;36,5 ;17,0 ;4,0 ;48,4 ;48,4 ;49,9 ;55,7 ;74,7 ;22,8 ;32,6    ;;;
2004;4,4 ;6,3 ;3,5 ;20,6 ;43,2 ;17,8 ;4,1 ;48,5 ;48,8 ;49,5 ;55,5 ;74,1 ;22,2 ;34,4    ;;;
2005;4,4 ;5,8 ;3,4 ;20,6 ;42,8 ;18,7 ;4,3 ;48,2 ;49,1 ;49,2 ;55,3 ;73,4 ;21,6 ;36,2    ;;;
2006;4,5 ;5,9 ;2,9 ;20,8 ;42,1 ;19,4 ;4,4 ;48,5 ;49,4 ;49,1 ;55,4 ;72,4 ;21,1 ;37,9    ;;;
2007;4,6 ;6,0 ;2,4 ;21,1 ;41,7 ;19,7 ;4,6 ;48,3 ;49,5 ;49,0 ;55,6 ;70,9 ;20,7 ;38,6    ;;;
2008;4,8 ;6,1 ;1,9 ;21,6 ;41,1 ;19,7 ;4,8 ;48,3 ;49,6 ;49,0 ;55,8 ;69,0 ;20,4 ;39,1    ;;;
2009;4,9 ;6,2 ;1,8 ;21,7 ;40,7 ;19,7 ;5,1 ;48,5 ;49,5 ;48,9 ;55,8 ;67,1 ;20,6 ;39,7    ;;;
2010;5,0 ;6,3 ;1,8 ;21,6 ;40,8 ;19,2 ;5,4 ;48,6 ;49,7 ;48,8 ;56,2 ;65,7 ;21,0 ;39,4    ;;;
;;;;;;;;;;;;;;;;;
Marzahn-Hellersdorf;;;;;;;;;;;;;;;;;
;;;;;;;;;;;;;;;;;
1990;11,4 ;17,2 ;3,4 ;30,3 ;32,7 ;3,6 ;1,4 ;48,8 ;53,6 ;49,1 ;67,9 ;73,9 ;50,8 ;7,9    ;;;
1991;10,1 ;17,5 ;3,7 ;29,4 ;34,1 ;3,7 ;1,4 ;48,8 ;53,0 ;49,1 ;67,7 ;74,5 ;49,4 ;8,1    ;;;
1992;8,9 ;17,4 ;4,2 ;28,7 ;35,4 ;3,8 ;1,5 ;48,8 ;52,2 ;48,9 ;66,7 ;75,4 ;47,7 ;8,2    ;;;
1993;7,6 ;17,5 ;4,8 ;27,9 ;36,6 ;4,1 ;1,5 ;48,9 ;51,9 ;49,2 ;65,1 ;76,3 ;46,3 ;8,7    ;;;
1994;6,3 ;17,5 ;5,3 ;27,0 ;38,0 ;4,4 ;1,6 ;48,8 ;51,6 ;49,2 ;63,8 ;76,3 ;44,6 ;9,2    ;;;
1995;5,1 ;17,2 ;5,5 ;26,1 ;39,6 ;4,8 ;1,7 ;48,7 ;51,3 ;49,2 ;62,5 ;77,0 ;42,4 ;9,8    ;;;
1996;4,3 ;16,8 ;5,6 ;25,3 ;41,1 ;5,2 ;1,7 ;48,6 ;50,9 ;49,6 ;61,7 ;77,6 ;40,2 ;10,4    ;;;
1997;4,0 ;15,5 ;5,8 ;24,4 ;42,8 ;5,8 ;1,7 ;48,7 ;50,4 ;49,8 ;60,8 ;78,7 ;37,6 ;11,1    ;;;
1998;3,9 ;14,1 ;5,8 ;23,7 ;44,4 ;6,4 ;1,7 ;48,8 ;49,8 ;49,9 ;60,2 ;77,9 ;35,0 ;12,0    ;;;
1999;3,9 ;12,9 ;5,7 ;23,1 ;45,4 ;7,1 ;1,8 ;48,7 ;49,1 ;50,1 ;59,5 ;77,5 ;32,9 ;13,0    ;;;
2000;4,0 ;11,6 ;5,6 ;22,8 ;46,3 ;7,7 ;1,9 ;48,8 ;48,4 ;50,1 ;58,8 ;77,1 ;30,7 ;13,9    ;;;
2001;4,1 ;10,4 ;5,5 ;22,7 ;46,9 ;8,3 ;2,1 ;49,0 ;47,7 ;50,1 ;58,0 ;76,3 ;28,7 ;14,9    ;;;
2002;4,2 ;9,1 ;5,6 ;22,7 ;47,3 ;8,9 ;2,2 ;49,0 ;47,2 ;50,2 ;57,2 ;76,4 ;27,0 ;15,8    ;;;
2003;4,3 ;8,0 ;5,5 ;31,0 ;39,3 ;9,6 ;2,3 ;49,0 ;48,4 ;49,9 ;56,8 ;75,5 ;25,2 ;16,9    ;;;
2004;4,4 ;7,0 ;5,4 ;23,2 ;47,4 ;10,3 ;2,3 ;49,0 ;47,1 ;50,2 ;56,1 ;75,1 ;23,8 ;18,0    ;;;
2005;4,5 ;6,3 ;5,0 ;23,6 ;47,1 ;11,0 ;2,5 ;49,1 ;47,0 ;50,4 ;55,3 ;74,8 ;22,3 ;19,1    ;;;
2006;4,6 ;6,2 ;4,0 ;24,1 ;46,7 ;11,8 ;2,6 ;49,2 ;47,2 ;50,4 ;54,7 ;74,2 ;21,0 ;20,3    ;;;
2007;4,8 ;6,2 ;3,1 ;24,4 ;46,4 ;12,3 ;2,7 ;49,2 ;47,2 ;50,3 ;54,6 ;73,0 ;19,9 ;21,3    ;;;
2008;5,0 ;6,3 ;2,4 ;24,7 ;45,9 ;12,9 ;2,9 ;49,3 ;47,5 ;50,3 ;54,1 ;71,4 ;19,3 ;22,3    ;;;
2009;5,2 ;6,4 ;2,2 ;24,4 ;45,4 ;13,3 ;3,1 ;49,1 ;47,6 ;50,5 ;53,7 ;70,3 ;19,8 ;23,5    ;;;
2010;5,4 ;6,6 ;2,1 ;24,2 ;45,2 ;13,3 ;3,2 ;49,1 ;47,6 ;50,4 ;53,7 ;68,4 ;20,4 ;23,8    ;;;
;;;;;;;;;;;;;;;;;
Lichtenberg (bis 2000: Lichtenberg, Hohenschönhausen);;;;;;;;;;;;;;;;;
;;;;;;;;;;;;;;;;;
1990;11,4 ;12,2 ;3,2 ;28,1 ;39,7 ;6,2 ;2,4 ;49,1 ;49,6 ;50,9 ;67,7 ;76,0 ;34,8 ;12,7    ;;;
1991;10,1 ;12,3 ;3,3 ;27,7 ;40,7 ;6,2 ;2,4 ;49,1 ;49,0 ;50,0 ;67,2 ;76,0 ;33,4 ;12,6    ;;;
1992;8,9 ;12,5 ;3,5 ;27,3 ;41,6 ;6,4 ;2,5 ;49,1 ;48,4 ;49,4 ;66,0 ;76,7 ;32,3 ;12,8    ;;;
1993;7,6 ;12,7 ;3,7 ;27,1 ;42,0 ;6,6 ;2,5 ;49,3 ;48,1 ;49,5 ;64,8 ;76,9 ;31,6 ;13,2    ;;;
1994;6,3 ;12,7 ;3,8 ;26,8 ;42,6 ;6,9 ;2,5 ;49,3 ;47,7 ;49,0 ;63,3 ;77,0 ;30,4 ;13,6    ;;;
1995;5,1 ;12,5 ;3,9 ;26,5 ;43,3 ;7,4 ;2,5 ;49,3 ;47,1 ;48,7 ;61,8 ;77,8 ;29,3 ;14,1    ;;;
1996;4,3 ;12,3 ;4,1 ;25,9 ;43,8 ;7,9 ;2,5 ;49,2 ;46,9 ;48,7 ;60,6 ;77,7 ;28,5 ;14,9    ;;;
1997;4,0 ;11,5 ;4,1 ;25,4 ;44,5 ;8,4 ;2,4 ;49,2 ;46,9 ;48,9 ;60,0 ;77,9 ;27,6 ;15,5    ;;;
1998;3,9 ;10,7 ;4,2 ;25,1 ;45,0 ;9,0 ;2,4 ;49,1 ;46,6 ;49,0 ;59,6 ;78,5 ;26,4 ;16,2    ;;;
1999;3,9 ;9,9 ;4,2 ;24,7 ;45,3 ;9,8 ;2,5 ;49,1 ;46,4 ;48,9 ;59,0 ;78,0 ;25,4 ;17,5    ;;;
2000;3,9 ;8,8 ;4,2 ;24,3 ;45,5 ;10,5 ;2,7 ;49,0 ;46,8 ;48,8 ;58,1 ;77,9 ;24,3 ;18,9    ;;;
2001;3,9 ;7,9 ;4,2 ;24,4 ;45,4 ;11,2 ;2,9 ;49,2 ;47,2 ;48,8 ;57,5 ;77,4 ;22,9 ;20,2    ;;;
2002;4,0 ;7,0 ;4,2 ;24,8 ;45,1 ;11,9 ;3,0 ;49,5 ;47,1 ;48,9 ;57,0 ;77,0 ;21,8 ;21,4    ;;;
2003;4,1 ;6,3 ;4,1 ;34,8 ;34,9 ;12,7 ;3,0 ;49,4 ;47,3 ;49,3 ;56,5 ;77,1 ;20,8 ;22,6    ;;;
2004;4,2 ;5,7 ;3,8 ;25,1 ;44,4 ;13,5 ;3,1 ;49,2 ;47,9 ;48,7 ;55,9 ;76,7 ;19,8 ;24,0    ;;;
2005;4,4 ;5,3 ;3,5 ;25,5 ;43,8 ;14,3 ;3,3 ;49,0 ;48,1 ;48,6 ;55,5 ;75,7 ;19,0 ;25,3    ;;;
2006;4,5 ;5,3 ;2,9 ;25,8 ;43,0 ;15,1 ;3,4 ;48,9 ;48,3 ;48,6 ;55,2 ;74,4 ;18,5 ;27,0    ;;;
2007;4,8 ;5,3 ;2,4 ;26,2 ;42,2 ;15,6 ;3,6 ;48,7 ;48,4 ;48,9 ;55,2 ;73,0 ;18,2 ;28,0    ;;;
2008;4,9 ;5,4 ;1,9 ;26,6 ;41,3 ;16,0 ;3,8 ;48,8 ;48,8 ;48,9 ;55,1 ;71,4 ;18,0 ;29,1    ;;;
2009;5,2 ;5,6 ;1,8 ;26,7 ;40,5 ;16,2 ;4,0 ;48,9 ;49,0 ;48,9 ;55,2 ;69,7 ;18,7 ;30,0    ;;;
2010;5,4 ;5,8 ;1,7 ;26,7 ;40,2 ;16,0 ;4,2 ;49,0 ;49,2 ;48,7 ;55,4 ;68,2 ;19,2 ;30,2    ;;;
;;;;;;;;;;;;;;;;;
Reinickendorf;;;;;;;;;;;;;;;;;
;;;;;;;;;;;;;;;;;
1990;5,5 ;8,1 ;2,6 ;23,4 ;42,5 ;12,0 ;5,8 ;48,9 ;47,9 ;50,2 ;68,4 ;75,9 ;24,5 ;27,0    ;;;
1991;5,6 ;8,2 ;2,7 ;23,1 ;42,9 ;11,7 ;5,9 ;48,7 ;48,6 ;50,0 ;68,0 ;76,1 ;24,9 ;26,6    ;;;
1992;5,7 ;8,4 ;2,7 ;23,0 ;43,1 ;11,4 ;5,9 ;48,8 ;48,8 ;50,0 ;67,2 ;76,6 ;25,3 ;26,1    ;;;
1993;5,7 ;8,6 ;2,7 ;23,0 ;43,0 ;11,1 ;5,8 ;48,8 ;48,9 ;50,0 ;66,1 ;76,9 ;25,7 ;25,7    ;;;
1994;5,6 ;8,9 ;2,7 ;22,7 ;43,3 ;11,1 ;5,8 ;48,6 ;49,1 ;50,1 ;64,9 ;77,5 ;26,1 ;25,5    ;;;
1995;5,6 ;9,0 ;2,8 ;22,5 ;43,5 ;11,1 ;5,6 ;48,9 ;49,0 ;49,9 ;64,1 ;77,6 ;26,4 ;25,2    ;;;
1996;5,5 ;9,1 ;2,9 ;22,1 ;44,0 ;11,2 ;5,2 ;48,8 ;49,1 ;50,0 ;63,1 ;77,6 ;26,5 ;24,9    ;;;
1997;5,4 ;9,1 ;3,0 ;21,4 ;44,7 ;11,5 ;4,9 ;48,9 ;49,0 ;50,2 ;62,6 ;77,5 ;26,6 ;24,7    ;;;
1998;5,2 ;9,2 ;3,0 ;20,6 ;45,4 ;11,9 ;4,7 ;48,8 ;49,6 ;50,4 ;61,8 ;77,8 ;26,4 ;25,1    ;;;
1999;5,2 ;9,1 ;3,0 ;20,0 ;45,6 ;12,3 ;4,7 ;48,8 ;49,8 ;50,5 ;60,8 ;77,3 ;26,5 ;25,9    ;;;
2000;5,1 ;9,1 ;3,0 ;19,3 ;46,0 ;12,8 ;4,7 ;48,9 ;50,2 ;50,4 ;59,5 ;77,0 ;26,4 ;26,7    ;;;
2001;5,1 ;9,0 ;3,1 ;18,8 ;46,1 ;13,2 ;4,7 ;48,7 ;50,2 ;50,5 ;58,3 ;76,6 ;26,4 ;27,6    ;;;
2002;5,0 ;8,9 ;3,1 ;18,5 ;46,1 ;13,8 ;4,6 ;48,6 ;50,1 ;50,5 ;57,5 ;76,0 ;26,4 ;28,5    ;;;
2003;4,9 ;8,8 ;3,3 ;29,6 ;34,4 ;14,5 ;4,5 ;48,5 ;50,1 ;50,8 ;56,7 ;76,2 ;26,5 ;29,7    ;;;
2004;4,9 ;8,6 ;3,3 ;17,7 ;45,6 ;15,2 ;4,5 ;48,8 ;50,3 ;50,6 ;56,0 ;76,0 ;26,6 ;31,2    ;;;
2005;4,7 ;8,5 ;3,3 ;17,7 ;45,0 ;16,1 ;4,6 ;48,6 ;50,1 ;50,8 ;55,1 ;75,4 ;26,5 ;33,1    ;;;
2006;4,7 ;8,4 ;3,2 ;17,6 ;44,3 ;17,1 ;4,7 ;48,8 ;50,0 ;50,9 ;54,5 ;74,4 ;26,3 ;35,3    ;;;
2007;4,7 ;8,3 ;3,2 ;17,6 ;43,6 ;17,8 ;4,8 ;48,9 ;50,0 ;51,0 ;54,1 ;73,2 ;26,4 ;36,9    ;;;
2008;4,8 ;8,2 ;3,0 ;17,8 ;42,8 ;18,4 ;5,0 ;48,8 ;49,8 ;51,2 ;53,6 ;71,7 ;26,5 ;38,5    ;;;
2009;4,9 ;8,1 ;3,0 ;18,0 ;42,0 ;18,9 ;5,0 ;48,8 ;49,5 ;51,3 ;53,4 ;70,3 ;26,7 ;39,9    ;;;
2010;5,0 ;8,1 ;2,9 ;18,3 ;41,7 ;19,0 ;5,1 ;48,7 ;49,3 ;51,2 ;53,5 ;69,8 ;26,6 ;40,1    ;;;
;;;;;;;;;;;;;;;;;
;;;;;;;;;;;;;;;;;
1) Jugendquotient: Zahl der 0- bis 17-jährigen Personen je 100 18- bis 64-Jährige.;;;;;;;;;;;;;;;;;
2) Altenquotient: Zahl der 65-jährigen und älteren Personen je 100 18- bis 64-Jährige.;;;;;;;;;;;;;;;;;
(Datenquelle: AfS Berlin-Brandenburg / Berechnung: SenGesUmV - I A -);;;;;;;;;;;;;;;;;
;;;;;;;;;;;;;;;;;
;;;;;;;;;;;;;;;;;
;;;;;;;;;;;;;;;;;